{
  "accuracy": 0.779,
  "precision": 0.8650293037920667,
  "recall": 0.779,
  "f1": 0.7617952821362226
}