{
  "fid": 60.570133823208806,
  "accuracy": 0.806,
  "precision": 0.8791856357914174,
  "recall": 0.806,
  "f1": 0.7936060303473031
}